mobile_name,rating,price
"POCO C3 (Arctic Blue, 64 GB)",4.3,"₹7,999"
"POCO M2 (Slate Blue, 64 GB)",4.3,"₹9,999"
"Realme Narzo 20A (Victory Blue, 64 GB)",4.4,"₹9,499"
"Realme Narzo 20A (Glory Silver, 64 GB)",4.4,"₹9,499"
"Realme Narzo 20 (Victory Blue, 64 GB)",4.3,"₹10,499"
"Realme Narzo 20 (Glory Silver, 128 GB)",4.3,"₹11,499"
"Realme Narzo 20 (Glory Silver, 64 GB)",4.3,"₹10,499"
"Realme Narzo 20 (Victory Blue, 128 GB)",4.3,"₹11,499"
"POCO C3 (Lime Green, 64 GB)",4.3,"₹7,999"
"POCO X3 (Cobalt Blue, 128 GB)",4.4,"₹15,999"
"POCO M2 (Pitch Black, 64 GB)",4.3,"₹9,999"
"Redmi 9i (Sea Blue, 64 GB)",4.3,"₹8,299"
"POCO M2 Pro (Green and Greener, 64 GB)",4.4,"₹11,999"
"POCO M2 (Pitch Black, 128 GB)",4.3,"₹10,999"
"POCO X3 (Shadow Gray, 128 GB)",4.4,"₹15,999"
"Infinix Smart 4 Plus (Ocean Wave, 32 GB)",4.4,"₹7,999"
"Infinix Smart 4 Plus (Midnight Black, 32 GB)",4.4,"₹7,999"
"Infinix Hot 10 (Obsidian Black, 64 GB)",4.4,"₹9,499"
"Infinix Hot 10 (Ocean Wave, 64 GB)",4.4,"₹9,499"
"Infinix Hot 10 (Moonlight Jade, 64 GB)",4.4,"₹9,499"
"POCO M2 Pro (Green and Greener, 64 GB)",4.4,"₹12,999"
"Redmi 9i (Nature Green, 64 GB)",4.3,"₹8,299"
"POCO M2 (Brick Red, 64 GB)",4.3,"₹9,999"
"Infinix Smart 4 Plus (Violet, 32 GB)",4.4,"₹7,999"
"POCO M2 Pro (Out of the Blue, 64 GB)",4.4,"₹12,999"
"POCO C3 (Matte Black, 64 GB)",4.3,"₹7,999"
"Realme 7i (Fusion Green, 128 GB)",4.3,"₹12,999"
"POCO M2 Pro (Out of the Blue, 64 GB)",4.4,"₹11,999"
"Redmi 9i (Midnight Black, 64 GB)",4.3,"₹8,299"
"Realme C11 (Rich Green, 32 GB)",4.4,"₹7,499"
"Realme C11 (Rich Grey, 32 GB)",4.4,"₹7,499"
"POCO M2 (Brick Red, 128 GB)",4.3,"₹10,999"
"Redmi 9 Prime (Mint Green, 64 GB)",4.4,"₹9,999"
"Realme 7 (Mist Blue, 64 GB)",4.3,"₹14,999"
"Realme 7 (Mist Blue, 128 GB)",4.3,"₹16,999"
"Redmi 9 Prime (Sunrise Flare, 64 GB)",4.4,"₹9,999"
"Realme C12 (Power Blue, 32 GB)",4.4,"₹8,999"
"Realme C12 (Power Silver, 32 GB)",4.4,"₹8,999"
"POCO M2 Pro (Two Shades of Black, 64 GB)",4.4,"₹12,999"
"Redmi 9 Prime (Space Blue, 64 GB)",4.4,"₹9,999"
"Infinix Hot 10 (Moonlight Jade, 128 GB)",4.4,"₹10,999"
"Infinix Hot 10 (Ocean Wave, 128 GB)",4.4,"₹10,999"
"Infinix Hot 10 (Amber Red, 128 GB)",4.4,"₹10,999"
"POCO C3 (Lime Green, 32 GB)",4.3,"₹7,499"
"POCO X3 (Cobalt Blue, 64 GB)",4.4,"₹14,999"
"POCO C3 (Arctic Blue, 32 GB)",4.3,"₹7,499"
"Redmi 9 Prime (Matte Black, 64 GB)",4.4,"₹9,999"
"POCO C3 (Matte Black, 32 GB)",4.3,"₹7,499"
"Infinix Hot 10 (Obsidian Black, 128 GB)",4.4,"₹10,999"
"Infinix Smart 4 (Violet, 32 GB)",4.4,"₹6,999"
"Infinix Smart 4 (Quetzal Cyan, 32 GB)",4.4,"₹6,999"
"Infinix Smart 4 (Ocean Wave, 32 GB)",4.4,"₹6,999"
"POCO M2 Pro (Two Shades of Black, 64 GB)",4.4,"₹11,999"
"Redmi 9 Prime (Mint Green, 128 GB)",4.4,"₹10,999"
"POCO X2 (Matrix Purple, 128 GB)",4.5,"₹15,999"
"Redmi Note 9 pro max (Aurora Blue, 64 GB)",4.4,"₹14,999"
"POCO X3 (Cobalt Blue, 128 GB)",4.3,"₹17,999"
"Realme C12 (Power Silver, 64 GB)",4.4,"₹9,999"
"Realme C12 (Power Blue, 64 GB)",4.4,"₹9,999"
"Redmi Note 9 Pro Max (Interstellar Black, 64 GB)",4.4,"₹14,999"
"Motorola E7 Plus (Misty Blue, 64 GB)",4.2,"₹9,999"
"POCO M2 Pro (Out of the Blue, 128 GB)",4.4,"₹14,999"
"Samsung Galaxy F41 (Fusion Green, 128 GB)",4.3,"₹16,499"
"Motorola G9 (Sapphire Blue, 64 GB)",4.2,"₹10,999"
"Tecno Spark Power 2 Air (Ice Jadeite, 32 GB)",4.3,"₹8,499"
Nokia 105 Ta-1304 SS (Black),4.2,"₹1,163"
"Samsung Galaxy F41 (Fusion Blue, 128 GB)",4.3,"₹16,499"
"Redmi Note 9 Pro Max (Glacier White, 64 GB)",4.4,"₹15,478"
Nokia TA-1010/105,4.3,"₹1,177"
"Samsung Galaxy F41 (Fusion Blue, 64 GB)",4.3,"₹15,499"
"Realme Narzo 20 Pro (Black Ninja, 128 GB)",4.3,"₹16,999"
"POCO M2 Pro (Green and Greener, 128 GB)",4.4,"₹14,999"
"OPPO A12 (Black, 64 GB)",4.4,"₹11,490"
"Tecno Spark Power 2 Air (Cosmic Shine, 32 GB)",4.3,"₹8,499"
"Realme 6i (Lunar White, 64 GB)",4.4,"₹13,999"
"Google Pixel 4a (Just Black, 128 GB)",4.6,"₹31,999"
"Motorola One Fusion+ (Moonlight White, 128 GB)",4.4,"₹17,499"
"POCO X3 (Shadow Gray, 64 GB)",4.4,"₹14,999"
"Vivo Y50 (Iris Blue, 128 GB)",4.4,"₹16,490"
"Vivo Y50 (Pearl White, 128 GB)",4.4,"₹16,490"
Nokia 105 SS 2020,4.3,"₹1,174"
"OPPO A12 (Black, 32 GB)",4.3,"₹8,990"
"OPPO A12 (Blue, 64 GB)",4.4,"₹11,490"
"OPPO Reno2 F (Lake Green, 256 GB)",4.4,"₹17,990"
"Realme 7 (Mist White, 128 GB)",4.3,"₹16,999"
"Redmi 9 Prime (Matte Black, 128 GB)",4.4,"₹10,999"
"Infinix Smart HD 2021 (Topaz Blue, 32 GB)",4.5,"₹6,099"
Lava Flip,4.3,"₹1,683"
"POCO X2 (Atlantis Blue, 64 GB)",4.5,"₹14,999"
"Samsung Galaxy F41 (Fusion Black, 128 GB)",4.3,"₹16,499"
Nokia 105 SS 2020,4.3,"₹1,176"
Karbonn KX3,3.9,₹781
"Realme C15 (Power Blue, 64 GB)",4.4,"₹10,999"
"Realme C15 (Power Silver, 64 GB)",4.4,"₹10,999"
"Vivo Y12s (Glacier Blue, 32 GB)",4.3,"₹9,990"
"Realme C15 Qualcomm Edition (Power Silver, 32 GB)",4.3,"₹9,999"
"Realme C15 Qualcomm Edition (Power Silver, 64 GB)",4.4,"₹10,999"
Lava A1 Josh,4.2,₹897
"OPPO A12 (Blue, 32 GB)",4.3,"₹8,990"
"Samsung Galaxy F41 (Fusion Green, 64 GB)",4.3,"₹15,499"
Lava Flip,4.3,"₹1,683"
"Gionee Max (Royal Blue, 32 GB)",4.1,"₹5,999"
"Gionee Max (Black, 32 GB)",4.1,"₹5,999"
"Realme Narzo 20A (Glory Silver, 32 GB)",4.3,"₹8,499"
"Realme Narzo 20A (Victory Blue, 32 GB)",4.3,"₹8,499"
"Infinix Smart 4 Plus (Quetzal Cyan, 32 GB)",4.4,"₹7,999"
"Infinix Hot 10 (Amber Red, 64 GB)",4.4,"₹9,499"
"Realme 7i (Fusion Blue, 64 GB)",4.3,"₹11,999"
"Realme 7i (Fusion Green, 64 GB)",4.3,"₹11,999"
"POCO M2 (Slate Blue, 128 GB)",4.3,"₹10,999"
"Realme 7i (Fusion Blue, 128 GB)",4.3,"₹12,999"
"Realme 7 (Mist White, 64 GB)",4.3,"₹14,999"
"OPPO Reno2 F (Sky White, 128 GB)",4.4,"₹21,990"
"Realme 6i (Eclipse Black, 64 GB)",4.4,"₹12,999"
"POCO X2 (Atlantis Blue, 128 GB)",4.5,"₹15,999"
"OPPO Reno2 F (Sky White, 256 GB)",4.4,"₹17,990"
"Infinix Smart 4 (Midnight Black, 32 GB)",4.4,"₹6,999"
"Infinix Smart HD 2021 (Quartz Green, 32 GB)",4.5,"₹6,099"
"Infinix Smart HD 2021 (Obsidian Black, 32 GB)",4.5,"₹6,099"
"Realme 6i (Lunar White, 64 GB)",4.4,"₹12,999"
"Gionee Max (Red, 32 GB)",4.1,"₹5,999"
"Motorola G9 Power (Electric Violet, 64 GB)",4.2,"₹11,999"
"Infinix Hot 9 (Violet, 64 GB)",4.4,"₹9,499"
"Infinix Hot 9 (Ocean Wave, 64 GB)",4.4,"₹9,499"
"Realme Narzo 20 Pro (Black Ninja, 64 GB)",4.3,"₹14,999"
"Tecno Spark 6 Go (Mystery White, 64 GB)",4.3,"₹8,699"
"Tecno Spark 6 Go (Aqua Blue, 64 GB)",4.3,"₹8,699"
Lava A1,4.2,₹931
"Redmi 9i (Sea Blue, 128 GB)",4.3,"₹9,299"
"Redmi 9 Power (Blazing Blue, 64 GB)",4.2,"₹11,412"
"Realme C15 (Power Blue, 32 GB)",4.3,"₹9,999"
"Realme C15 (Power Silver, 32 GB)",4.3,"₹9,999"
"Samsung Galaxy F41 (Fusion Black, 64 GB)",4.3,"₹15,499"
Micromax X741,4,"₹1,249"
Micromax X741,4,"₹1,260"
"POCO M2 Pro (Two Shades of Black, 128 GB)",4.4,"₹14,999"
"Realme C15 Qualcomm Edition (Power Blue, 32 GB)",4.3,"₹9,999"
Lava A3,4.2,"₹1,073"
"Apple iPhone 11 (White, 64 GB)",4.7,"₹51,999"
"POCO X2 (Matrix Purple, 64 GB)",4.5,"₹14,999"
"Infinix Hot 9 (Quetzal Cyan, 64 GB)",4.4,"₹9,499"
"Realme 6 (Comet White, 64 GB)",4.4,"₹14,999"
"Realme 6 (Comet Blue, 64 GB)",4.4,"₹14,999"
"Vivo S1 Pro (Jazzy Blue, 128 GB)",4.4,"₹18,990"
"Vivo S1 Pro (Mystic Black, 128 GB)",4.4,"₹18,990"
"Redmi Note 9 Pro Max (Champagne Gold, 64 GB)",4.4,"₹14,999"
"Infinix Note 7 (Aether Black, 64 GB)",4.3,"₹10,999"
"Infinix Note 7 (Forest Green, 64 GB)",4.3,"₹10,999"
"Realme 7 Pro (Mirror Blue, 128 GB)",4.4,"₹21,999"
Micromax X741,4,"₹1,196"
Lava A3,4.2,"₹1,073"
Lava A1,4.2,₹931
Lava A1,4.2,₹931
Lava A1,4.2,₹931
Lava A1,4.2,₹931
Lava A1,4.2,₹931
"Vivo Y30 (Emerald Black, 128 GB)",4.3,"₹14,990"
"Vivo Y20 (Dawn White, 64 GB)",4.4,"₹12,990"
"Vivo Y20 (Obsidian Black, 64 GB)",4.4,"₹12,990"
"Realme C3 (Frozen Blue, 32 GB)",4.4,"₹8,999"
"Realme Narzo 20 Pro (White Knight, 64 GB)",4.3,"₹14,999"
"Realme Narzo 20 Pro (White Knight, 128 GB)",4.3,"₹16,999"
MarQ by Flipkart 110 Magic,4,₹969
"Samsung Galaxy M01 (Blue, 32 GB)",4.2,"₹8,035"
"Vivo Y20i (Nebula Blue, 64 GB)",4.4,"₹11,490"
"Itel Vision1 (Gradation Green, 32 GB)",4.1,"₹6,699"
"OPPO A12 (Deep Blue, 64 GB)",4.4,"₹11,990"
"OPPO A12 (Flowing Silver, 32 GB)",4.3,"₹8,990"
"Vivo Y30 (Dazzle Blue, 128 GB)",4.3,"₹13,990"
"Vivo Y30 (Emerald Black, 128 GB)",4.3,"₹13,990"
"Apple iPhone XR (Black, 64 GB) (Includes EarPods, Power Adapter)",4.6,"₹43,999"
"Realme C3 (Volcano Grey, 32 GB)",4.4,"₹8,999"
"Vivo Y31 (Ocean Blue, 128 GB)",4.6,"₹16,490"
"Vivo Y20i (Dawn White, 64 GB)",4.4,"₹11,490"
"Vivo Y51A (Crystal Symphony, 128 GB)",4.4,"₹17,990"
"Vivo Y51A (Titanium Sapphire, 128 GB)",4.4,"₹17,990"
"Redmi Note 9 Pro (Aurora Blue, 128 GB)",4.3,"₹17,989"
"Redmi Note 9 Pro (Champagne Gold, 64 GB)",4.4,"₹13,574"
"Tecno Camon 15 (Dark Jade, 64 GB)",4.2,"₹10,499"
Micromax X744,3.9,"₹1,235"
"Redmi 8A (Ocean Blue, 32 GB)",4.3,"₹8,399"
"Itel VISION1 (GRADATION GREEN, 32 GB)",4.1,"₹6,799"
"Realme 7 Pro (Mirror Silver, 128 GB)",4.4,"₹19,999"
"Redmi 9i (Midnight Black, 128 GB)",4.3,"₹9,299"
"Moto G 5G (Volcanic Grey, 128 GB)",4.3,"₹20,999"
"Realme 6 Pro (Lightning Orange, 64 GB)",4.4,"₹17,999"
Lava A1,4.2,"₹1,099"
"Redmi 9i (Nature Green, 128 GB)",4.3,"₹9,299"
"Redmi 9 (Sky Blue, 128 GB)",4.2,"₹10,284"
"Vivo S1 Pro (Dreamy White, 128 GB)",4.4,"₹18,990"
"OPPO A53 (Fairy White, 64 GB)",4.4,"₹12,990"
"Tecno POVA (Speed Purple, 64 GB)",4.4,"₹10,499"
"Moto G 5G (Volcanic Grey, 128 GB)",4.3,"₹20,999"
Gfive A2,3.8,₹675
Nokia 150 DS 2020,4.1,"₹2,393"
Micromax X807,4,"₹1,510"
"Realme 6 Pro (Lightning Orange, 64 GB)",4.4,"₹17,999"
"Redmi 9i (Nature Green, 128 GB)",4.3,"₹9,299"
Samsung Guru 1200,4.3,"₹1,395"
"Redmi 9 (Sky Blue, 128 GB)",4.2,"₹10,284"
"Redmi 9 (Sky Blue, 64 GB)",4.2,"₹9,428"
Samsung Guru 1200,4.3,"₹1,399"
"Vivo S1 Pro (Dreamy White, 128 GB)",4.4,"₹18,990"
"OPPO A53 (Fairy White, 64 GB)",4.4,"₹12,990"
"Tecno POVA (Speed Purple, 64 GB)",4.4,"₹10,499"
"Apple iPhone 11 (Black, 64 GB)",4.7,"₹51,999"
"Redmi 9 Prime (Sunrise Flare, 128 GB)",4.4,"₹10,999"
"Vivo Y30 (Dazzle Blue, 128 GB)",4.3,"₹14,990"
Micromax X746,4,"₹1,348"
"Vivo V20 2021 (Sunset Melody, 128 GB)",4.4,"₹24,990"
"Redmi Note 9 Pro (Aurora Blue, 64 GB)",4.4,"₹13,799"
"Apple iPhone XR (Black, 64 GB) (Includes EarPods, Power Adapter)",4.6,"₹43,999"
Karbonn K19 Rock,3.9,₹859
"Samsung Galaxy M01 (Black, 32 GB)",4.2,"₹7,827"
Kechaoda K112,4,"₹1,315"
Nokia 110 DS 2020,4,"₹1,638"
Samsung Guru Music 2,4.3,"₹1,898"
Karbonn KX3,4,₹791
Nokia 150 Ta-1235 DS (Red),4.1,"₹2,284"
I Kall K3310,3.6,₹649
I Kall K3310,3.6,₹649
"Motorola One Fusion+ (Twilight Blue, 128 GB)",4.4,"₹17,499"
"Motorola G9 Power (Metallic Sage, 64 GB)",4.2,"₹11,999"
"OPPO Reno2 F (Lake Green, 128 GB)",4.4,"₹21,990"
"Infinix Note 7 (Bolivia Blue, 64 GB)",4.3,"₹10,999"
"Realme 7 Pro (Sun Kissed Leather, 128 GB)",4.4,"₹21,999"
"POCO X3 (Shadow Gray, 128 GB)",4.3,"₹17,999"
"Realme 6i (Eclipse Black, 64 GB)",4.4,"₹13,999"
"OPPO A12 (Deep Blue, 32 GB)",4.3,"₹8,990"
"Vivo Y51 (Titanium Sapphire, 128 GB)",4.4,"₹17,990"
"Vivo Y20 (Purist Blue, 64 GB)",4.4,"₹13,990"
"Realme C3 (Blazing Red, 64 GB)",4.4,"₹9,999"
"Realme C3 (Blazing Red, 32 GB)",4.4,"₹8,999"
"Tecno Spark 6 Go (Ice Jadeite, 64 GB)",4.3,"₹8,699"
"Tecno POVA (Magic Blue, 128 GB)",4.3,"₹12,499"
"Tecno Spark Go 2020 (Mystery White, 32 GB)",4.4,"₹6,999"
"Tecno Spark Go 2020 (Aqua Blue, 32 GB)",4.4,"₹6,999"
"Tecno Spark Go 2020 (Ice jadeite, 32 GB)",4.4,"₹6,999"
"Realme C3 (Frozen Blue, 64 GB)",4.4,"₹9,999"
Micromax X817,4,"₹1,499"
Nokia 150 Ta-1235 DS (Red),4.1,"₹2,284"
"Redmi 9 (Sporty Orange, 64 GB)",4.2,"₹9,464"
"Vivo Y11 (Agate Red, 32 GB)",4.3,"₹9,490"
"Vivo Y11 (Mineral Blue, 32 GB)",4.3,"₹9,490"
"OPPO A53 (Fairy White, 128 GB)",4.3,"₹15,490"
"OPPO A53 (Electric Black, 64 GB)",4.4,"₹12,990"
BlackZone ECO X,4,"₹1,230"
BlackZone ECO X,4,"₹1,230"
"Vivo Y91i (Fusion Black, 32 GB)",4.3,"₹8,490"
Micromax X746,4,"₹1,325"
"Realme 6 Pro (Lightning Blue, 128 GB)",4.4,"₹19,999"
Nokia 216/216 DS,4.2,"₹2,799"
"OPPO F15 (Blazing Blue, 128 GB)",4.4,"₹18,990"
"Realme 7 Pro (Mirror Silver, 128 GB)",4.4,"₹21,999"
"Realme X3 (Arctic White, 128 GB)",4.4,"₹24,999"
Nokia 150 DS 2020,4.1,"₹2,299"
"Vivo V20 SE (Aquamarine Green, 128 GB)",4.3,"₹20,990"
Nokia 105,4,"₹1,175"
"OPPO A53 (Fancy Blue, 64 GB)",4.4,"₹12,990"
Karbonn K9,4,"₹1,249"
Lava Gem,4.2,"₹1,529"
"Apple iPhone 11 (Purple, 64 GB)",4.7,"₹51,999"
"Apple iPhone SE (White, 64 GB) (Includes EarPods, Power Adapter)",4.5,"₹34,999"
"Apple iPhone XR (White, 64 GB) (Includes EarPods, Power Adapter)",4.6,"₹43,999"
"Redmi Note 9 Pro (Champagne Gold, 128 GB)",4.4,"₹14,419"
"Redmi Note 9 Pro (Interstellar Black, 128 GB)",4.3,"₹16,980"
"Redmi 8A Dual (Sky White, 32 GB)",4.3,"₹7,499"
"Redmi Note 9 Pro (Glacier White, 128 GB)",4.4,"₹14,364"
"Redmi Note 9 Pro Max (Glacier White, 128 GB)",4.4,"₹15,540"
Karbonn KX3,3.9,₹849
Karbonn K9,4,"₹1,249"
Lava A1,4.2,"₹1,049"
"Vivo Y31 (Racing Black, 128 GB)",4.6,"₹16,490"
"Redmi 9 Power (Fiery Red, 64 GB)",4.2,"₹11,128"
Micromax X378,4,₹875
Micromax X378,4,₹834
Kechaoda K112,4,"₹1,328"
"LG G8X (Black, 128 GB)",4.4,"₹27,990"
"Samsung GALAXY M51 (Celestial Black, 128 GB)",4.3,"₹23,274"
"Lava Z66 (Midnight Blue, 32 GB)",4.1,"₹6,877"
"Micromax IN 1b (Purple, 32 GB)",4.2,"₹6,999"
"Micromax IN 1b (Blue, 32 GB)",4.2,"₹6,999"
"OPPO F15 (Blazing Blue, 128 GB)",4.4,"₹15,990"
"Redmi 9 (Carbon Black, 64 GB)",4.2,"₹9,518"
"Redmi 9 (Sky Blue, 64 GB)",4.2,"₹9,429"
"Apple iPhone 12 (Blue, 64 GB)",4.6,"₹79,900"
"OPPO Reno5 Pro 5G (Starry Black, 128 GB)",4.4,"₹35,990"
"OPPO A53 (Fancy Blue, 128 GB)",4.3,"₹15,490"
"OPPO A53 (Electric Black, 128 GB)",4.3,"₹15,490"
BlackZone ECO X,4,"₹1,230"
Micromax X744,3.9,"₹1,179"
Blackzone B312,3.7,₹669
Gfive U873,3.7,₹669
Lava A5,4.1,"₹1,206"
Lava A5,4.1,"₹1,206"
Snexian Rock,4,"₹1,249"
Snexian Rock,4,"₹1,160"
Gfive U873,3.7,₹659
"Redmi 9A (SeaBlue, 32 GB)",4.3,"₹7,727"
"Redmi 9A (Midnight Black, 32 GB)",4.3,"₹8,240"
"Redmi 9A (Nature Green, 32 GB)",4.3,"₹7,644"
"Samsung Galaxy M21 (Midnight Blue, 64 GB)",4.3,"₹13,900"
Micromax X817,4,"₹1,503"
"Tecno POVA (Dazzle Black, 128 GB)",4.3,"₹12,499"
Lava GEM,4.2,"₹1,599"
"Apple iPhone XR (Black, 128 GB) (Includes EarPods, Power Adapter)",4.6,"₹48,999"
"OPPO A33 (Mint Cream, 32 GB)",4.2,"₹10,990"
"Tecno Camon 16 (Cloud White, 64 GB)",4.2,"₹11,499"
"Samsung M01 core (Black, 16 GB)",4,"₹5,785"
"OPPO Reno5 Pro 5G (Astral Blue, 128 GB)",4.4,"₹35,990"
"Redmi 8A Dual (Sky White, 32 GB)",4.2,"₹8,299"
"Samsung Galaxy A21s (Blue, 64 GB)",4.2,"₹14,999"
"Samsung M01 core (Blue, 32 GB)",3.9,"₹6,128"
"Tecno Camon 16 (Cloud White, 64 GB)",4.2,"₹11,499"
"Samsung Galaxy M31 (Space Black, 128 GB)",4.3,"₹19,329"
"Samsung Galaxy A21s (Blue, 64 GB)",4.2,"₹14,999"
"Moto G 5G (Frosted Silver, 128 GB)",4.3,"₹20,999"
BlackZone EVEREST,3.9,₹659
BlackZone EVEREST,3.9,₹659
Samsung Guru GT,4.1,"₹1,399"
"Redmi 9 Power (Electric Green, 64 GB)",4.2,"₹11,394"
"Itel Vision1 (Gradation Blue, 32 GB)",4.1,"₹6,699"
Grabo G312,3.5,₹659
"OPPO F15 (Unicorn White, 128 GB)",4.4,"₹15,990"
"OPPO F15 (Lightening Black, 128 GB)",4.4,"₹15,990"
Samsung Metro 313 Dual Sim,4.3,"₹2,340"
Micromax X749,4.1,"₹1,209"
"Apple iPhone 11 (Black, 128 GB)",4.7,"₹56,999"
Samsung Guru FM Plus SM-B110E/D,4.3,"₹1,579"
"Vivo V17Pro (Glacier Ice White, 128 GB)",4.5,"₹29,499"
"Redmi 9 Prime (Space Blue, 128 GB)",4.4,"₹10,999"
I Kall K18 New,3.7,₹649
"Vivo Y91i (Ocean Blue, 32 GB)",4.3,"₹7,990"
"Redmi 9A (Midnight Black, 32 GB)",4.3,"₹7,572"
"Redmi Note 9 (Aqua Green, 64 GB)",4.3,"₹12,194"
"Redmi Note 9 (Pebble Grey, 64 GB)",4.3,"₹12,537"
"Redmi Note 9 (Scarlet Red, 128 GB)",4.3,"₹14,999"
Nokia 5310,4.2,"₹3,376"
Kechaoda K-55 Plus,4,₹974
Micromax X512,3.9,₹999
"Redmi 8A Dual (Midnight Grey, 64 GB)",4.2,"₹8,939"
"Redmi 8A Dual (Sky White, 64 GB)",4.2,"₹8,513"
Gfive U106,3.7,₹649
"OPPO A1K (Red, 32 GB)",4.3,"₹7,990"
I Kall K130 New,3.4,₹599
"Vivo V20 SE (Gravity Black, 128 GB)",4.3,"₹20,990"
Itel IT2163,4.1,₹799
Itel IT2163,4.1,₹799
"Redmi Note 9 Pro (Aurora Blue, 128 GB)",4.4,"₹14,685"
Kechaoda A26,4.1,₹898
"Redmi 9 Power (Mighty Black, 128 GB)",4.2,"₹12,591"
"Tecno Camon 15 (SHOAL GOLD, 64 GB)",4.2,"₹10,499"
Grabo G310 Vibration,3.6,₹659
"Vivo Y91i (Fusion Black, 32 GB)",4.3,"₹7,990"
"Redmi Note 9 (Arctic White, 64 GB)",4.3,"₹12,654"
Nokia 110 DS 2020,4,"₹1,650"
"Lava Z66 (Midnight Blue, 32 GB)",4.1,"₹7,799"
"OPPO A5s (Black, 64 GB)",4.4,"₹10,990"
"OPPO A5s (Blue, 32 GB)",4.3,"₹8,990"
"OPPO A5s (Blue, 64 GB)",4.4,"₹10,990"
"OPPO A5s (Blue, 32 GB)",4.3,"₹8,990"
"Samsung Galaxy M21 (Raven Black, 64 GB)",4.3,"₹14,003"
Gfive U707,3.6,₹689
I Kall K2180,3.7,₹649
Samsung Guru Music 2,4.3,"₹1,939"
Micromax X512,3.9,₹921
"OPPO F17 Pro (Metallic White, 128 GB)",4.4,"₹21,490"
"OPPO F17 Pro (Matte Black, 128 GB)",4.4,"₹21,490"
Samsung Guru FM Plus SM-B110E/D,4.3,"₹1,587"
Micromax X749,4.1,"₹1,221"
"Apple iPhone 11 (Red, 128 GB)",4.7,"₹56,999"
"Lava Z66 (Berry Red, 32 GB)",4.1,"₹6,877"
I Kall K14 New,3.4,₹609
"OPPO A1K (Black, 32 GB)",4.3,"₹7,990"
Lava Hero 600+,4.2,₹783
Kechaoda K33,4.1,₹999
"Vivo Y19 (Magnetic Black, 128 GB)",4.4,"₹12,990"
Itel Ace,4.1,₹769
Itel Ace,4.1,₹769
"Redmi 8A Dual (Sea Blue, 64 GB)",4.2,"₹8,419"
"Apple iPhone 11 (Green, 64 GB)",4.7,"₹51,999"
"Lava Z61 Pro (Amber Red, 16 GB)",4,"₹5,377"
"Tecno Camon 16 (Purist Blue, 64 GB)",4.2,"₹11,499"
"OPPO A31 (Lake Green, 64 GB)",4.3,"₹12,490"
BlackZone TURBO 353,4.1,₹759
Nokia 110 DS 2020,4,"₹1,730"
"Realme 6 (Comet Blue, 64 GB)",4.4,"₹13,999"
Itel IT2163,4.1,₹799
Itel IT2163,4.1,₹799
"Redmi Note 9 Pro (Interstellar Black, 128 GB)",4.4,"₹14,524"
"Apple iPhone SE (Red, 64 GB) (Includes EarPods, Power Adapter)",4.5,"₹34,999"
Nokia 105 DS 2020,4.2,"₹1,388"
"Apple iPhone 12 (Black, 64 GB)",4.7,"₹79,900"
"Realme X3 SuperZoom (Arctic White, 256 GB)",4.4,"₹29,999"
"Realme X3 SuperZoom (Glacier Blue, 256 GB)",4.4,"₹29,999"
Micromax X817,4,"₹1,495"
"OPPO A31 (Mystery Black, 128 GB)",4.3,"₹13,800"
"OPPO A5s (Red, 32 GB)",4.3,"₹8,990"
"Samsung Galaxy A31 (Prism Crush Black, 128 GB)",4.3,"₹17,999"
BlackZone B310,3.9,₹569
BlackZone B310,3.9,₹669
"Honor 9S (Blue, 32 GB)",3.8,"₹5,999"
"Honor 9S (Black, 32 GB)",3.8,"₹5,999"
Karbonn K2 Boom Box,3.9,₹777
Micromax X380,3.9,"₹1,030"
"OPPO A33 (Moonlight Black, 32 GB)",4.2,"₹10,990"
"Infinix Zero 8i (Black Diamond, 128 GB)",4.2,"₹15,999"
"Redmi 8A Dual (Sea Blue, 32 GB)",4.3,"₹7,499"
Kechaoda K33,4.1,₹969
Good One Magic,4,"₹1,399"
Samsung Guru FM Plus,4.2,"₹1,607"
Grabo G312,3.5,₹659
"Redmi Note 9 (Arctic White, 128 GB)",4.3,"₹13,738"
"Redmi Note 9 (Pebble Grey, 128 GB)",4.3,"₹13,561"
"Apple iPhone SE (Black, 128 GB) (Includes EarPods, Power Adapter)",4.5,"₹39,999"
Nokia 5310,4.2,"₹3,325"
Kechaoda K-55 Plus,4,₹974
Kechaoda K-55 Plus,4,"₹1,089"
"Vivo V19 (Mystic Silver, 256 GB)",4.4,"₹27,990"
"Tecno Camon 15 (Fascinating Purple, 64 GB)",4.2,"₹10,499"
Snexian Rock,4,"₹1,199"
Snexian Rock,4,"₹1,199"
Snexian Rock,4,"₹1,199"
Snexian Rock,4,"₹1,199"
"Vivo V20 Pro (Midnight Jazz, 128 GB)",4.4,"₹29,990"
Kechaoda K115,4.1,₹947
Kechaoda K115,4.1,₹924
Kechaoda K115,4.1,₹904
Kechaoda K115,4.1,₹936
Kechaoda K115,4.1,₹914
Gfive U106,3.7,₹669
"OPPO A31 (Lake Green, 128 GB)",4.3,"₹11,990"
Marq By Flipkart M11 Prime,3.9,₹799
Marq By Flipkart M11 Prime,3.9,₹799
Nokia 216,4.2,"₹2,899"
BlackZone B310,3.9,₹669
BlackZone B310,3.9,₹569
"Apple iPhone XR ((PRODUCT)RED, 64 GB) (Includes EarPods, Power Adapter)",4.6,"₹43,999"
BlackZone TURBO 353,4.1,₹759
BlackZone TURBO 353,4.1,₹759
"Tecno POVA (Speed Purple, 128 GB)",4.3,"₹12,499"
"OPPO F17 (Dynamic Orange, 128 GB)",4.2,"₹16,990"
"OPPO F17 (Dynamic Orange, 128 GB)",4.3,"₹18,490"
"OPPO F17 (Classic Silver, 128 GB)",4.2,"₹16,990"
Nokia 3310 DS,3.8,"₹3,532"
"Samsung Galaxy M11 (Black, 32 GB)",4.2,"₹10,258"
Itel Power 400,4.1,"₹1,349"
"Nokia 2.4 (Fjord Blue, 64 GB)",4.1,"₹10,399"
Kechaoda A26,4.1,₹899
Kechaoda A26,4.1,₹885
Kechaoda A26,4.1,₹885
KXD M5,3.4,₹725
Lava A9,4.1,"₹1,574"
"Mi 10i (Atlantic Blue, 128 GB)",4.3,"₹23,198"
"Redmi Note 8 (Neptune Blue, 64 GB)",4.4,"₹13,999"
"Vivo V20 2021 (Midnight Jazz, 128 GB)",4.4,"₹24,990"
"Samsung Galaxy M31 (Iceberg blue, 128 GB)",4.3,"₹17,994"
Itel Power 400,4.1,"₹1,247"
KXD M5,3.4,₹725
Lava A9,4.1,"₹1,574"
"Redmi Note 8 (Neptune Blue, 64 GB)",4.4,"₹13,999"
"Vivo V20 2021 (Midnight Jazz, 128 GB)",4.4,"₹24,990"
"Samsung Galaxy A31 (Prism Crush Blue, 128 GB)",4.3,"₹17,999"
Blackbear i7 Trio,3.8,"₹1,699"
"Vivo V20 Pro (Sunset Melody, 128 GB)",4.4,"₹29,990"
"OPPO F17 (Navy Blue, 128 GB)",4.4,"₹18,390"
"Apple iPhone 12 (Red, 64 GB)",4.7,"₹79,900"
"Apple iPhone 11 (Green, 128 GB)",4.7,"₹56,999"
"Tecno Spark Power 2 (Ice Jadeite, 64 GB)",4.3,"₹9,999"
"Tecno Spark Power 2 (Misty Grey, 64 GB)",4.3,"₹9,999"
"iQOO 3 (Quantum Silver, 256 GB)",4.5,"₹32,990"
"Samsung M01 core (Blue, 16 GB)",4,"₹5,343"
"OPPO A5s (Green, 64 GB)",4.4,"₹12,990"
"Redmi 9 Power (Blazing Blue, 128 GB)",4.2,"₹12,992"
"Vivo Y20A (Dawn White, 64 GB)",4.4,"₹11,490"
"Apple iPhone 11 (Yellow, 128 GB)",4.7,"₹56,999"
I Kall K 666,3.7,"₹1,199"
Lava A5,4.1,"₹1,249"
"Nokia 2.4 (Fjord Blue, 64 GB)",4.1,"₹10,399"
"POCO X2 (Phoenix Red, 64 GB)",4.5,"₹14,999"
"Vivo V19 (Piano Black, 256 GB)",4.4,"₹27,990"
"Lava Z61 Pro (Lavender Blue, 16 GB)",4,"₹5,377"
"Lava Z61 Pro (Champagne Gold, 16 GB)",4,"₹5,377"
Kechaoda K115,4.1,₹922
Kechaoda K115,4.1,₹908
Kechaoda K115,4.1,₹999
Kechaoda K115,4.1,₹936
Itel Muzik 400,4.1,"₹1,499"
"Vivo Z1Pro (Sonic Blue, 64 GB)",4.5,"₹14,990"
"OPPO A31 (Fantasy White, 64 GB)",4.3,"₹12,490"
"OPPO A11K (Deep Blue, 32 GB)",4.2,"₹8,490"
Karbonn K9 POWER,3.9,₹999
"Vivo Y91i (Fusion Black, 16 GB)",4.3,"₹8,199"
"Vivo Y91i (Ocean Blue, 16 GB)",4.3,"₹8,950"
MarQ by Flipkart M24 Armor,3.8,₹999
Kechaoda K10,4,₹858
"Gionee F8 Neo (Blue, 32 GB)",3.8,"₹5,299"
"Gionee F8 Neo (Black, 32 GB)",3.8,"₹5,299"
"Samsung Galaxy M31 (Ocean Blue, 128 GB)",4.3,"₹17,750"
Snexian Rock,4,"₹1,299"
"Samsung Galaxy A21s (Black, 64 GB)",4.2,"₹14,999"
"POCO X2 (Atlantis Blue, 256 GB)",4.5,"₹21,499"
Nokia 105 DS 2020,4.2,"₹1,319"
"iQOO 3 (5G) (Tornado Black, 256 GB)",4.4,"₹39,990"
"POCO X2 (Atlantis Blue, 256 GB)",4.5,"₹21,499"
"iQOO 3 (5G) (Tornado Black, 256 GB)",4.4,"₹39,990"
Micromax X1i-2017,3.8,₹849
Micromax X1i-2017,3.9,₹835
"Itel A25 Pro (Gradation Green, 32 GB)",3.9,"₹4,999"
"Apple iPhone XR ((PRODUCT)RED, 128 GB) (Includes EarPods, Power Adapter)",4.6,"₹48,999"
Micromax X421,4,₹928
Itel Power 400,4.1,"₹1,245"
Itel Power 400,4.1,"₹1,249"
Lava A9,4.1,"₹1,519"
Lava A9,4.1,"₹1,519"
"POCO X2 (Phoenix Red, 128 GB)",4.5,"₹15,999"
Kechaoda K28,4.1,"₹1,075"
Kechaoda K6,3.9,₹857
I Kall K22 Combo of Two Mobiles,3.3,"₹1,199"
"Redmi 8 (Sapphire Blue, 64 GB)",4.4,"₹9,999"
"Samsung Galaxy S21 Ultra (Phantom Black, 256 GB)",4.6,"₹1,05,999"
ITEL ACE,4.1,₹710
Karbonn KX26,4,"₹1,199"
"Samsung Galaxy M31 (Ocean Blue, 128 GB)",4.3,"₹19,363"
Kechaoda A26,4.1,₹899
Good One Magic,4,"₹1,399"
Good One Magic,4,"₹1,499"
"Lava Z61 Pro (Champagne Gold, 16 GB)",4,"₹5,377"
"Lava Z61 Pro (Lavender Blue, 16 GB)",4,"₹5,377"
"Redmi Note 9 Pro (Interstellar Black, 64 GB)",4.4,"₹13,360"
"Redmi Note 9 Pro (Glacier White, 64 GB)",4.4,"₹13,489"
"Apple iPhone 11 (Purple, 128 GB)",4.7,"₹56,999"
"Samsung Galaxy A31 (Prism Crush White, 128 GB)",4.3,"₹17,999"
Karbonn K24 Plus Pro,3.9,"₹1,049"
"Apple iPhone 12 (White, 64 GB)",4.7,"₹79,900"
"Vivo Y12 (Burgundy Red, 64 GB)",4.3,"₹10,990"
"Vivo X50 (Glaze Black, 256 GB)",4.4,"₹37,990"
Grabo NORD,3.9,₹649
Micromax X381,4,₹875
Micromax X419,4.2,₹999
Micromax X419,4.2,₹985
"Realme X3 (Glacier Blue, 128 GB)",4.4,"₹25,999"
"Vivo Z1Pro (Sonic Black, 64 GB)",4.5,"₹15,990"
"Vivo Z1Pro (Sonic Black, 64 GB)",4.5,"₹14,990"
"Redmi Note 9 (Shadow Black, 128 GB)",4.3,"₹13,580"
Blackzone B-312 Gold,3.7,₹719
"Itel A25 Pro (Gradation Purple, 32 GB)",3.9,"₹4,999"
"Panasonic ELUGA I6 (Black, 16 GB)",3.7,"₹5,001"
Gfive A1,3.6,₹649
"Apple iPhone XR (Blue, 64 GB) (Includes EarPods, Power Adapter)",4.6,"₹43,999"
Kechaoda K-9,3.9,"₹1,140"
I kall K 444,3.8,₹999
"Redmi Note 8 (Space Black, 64 GB)",4.4,"₹13,999"
"TECNO Spark 6 Air (Comet Black, 32 GB)",4.4,"₹8,540"
"Tecno Spark 6 Air (Comet Black, 64 GB)",4.4,"₹8,990"
"Redmi 8A (Ocean Blue, 32 GB)",4.4,"₹7,999"
Micromax X516,3.9,"₹1,012"
"Redmi Note 9 Pro (Aurora Blue, 64 GB)",4.4,"₹13,818"
"Redmi Note 9 Pro (Glacier White, 64 GB)",4.4,"₹13,449"
Nokia 110 DS 2020,4,"₹1,699"
MU M370,4.3,₹949
"Tecno Spark 5 Pro (Ice Jadeite, 64 GB)",4.3,"₹10,430"
"Samsung Galaxy A51 (Prism Crush Blue, 128 GB)",4.3,"₹20,999"
"Samsung Galaxy A21s (Black, 128 GB)",4.2,"₹17,499"
I Kall K 444,3.7,₹999
Kechaoda K60,4,"₹1,549"
Philips E102A,3.8,"₹1,199"
"Samsung Galaxy A21s (White, 64 GB)",4.2,"₹14,999"
"Samsung Galaxy A31 (Prism Crush White, 128 GB)",4.3,"₹17,999"
I kall K555,3.7,"₹1,199"
Lava A7 2020,4,"₹1,391"
Kechaoda K33,4.1,₹985
Marq By Flipkart M18 Classic,3.8,₹799
Karbonn KX1i,4,₹780
Karbonn KX1i,4,₹780
Karbonn KX1i,4,₹780
Karbonn KX1i,4,₹780
Karbonn K2 Boom Box,3.9,₹895
Lava Pulse Mobile Phone-With BP & Heart Rate Monitor,4.2,"₹1,595"
"Realme 5 Pro (Crystal Green, 64 GB)",4.5,"₹13,999"
"Realme 5 Pro (Crystal Green, 64 GB)",4.5,"₹14,999"
"Realme 5 Pro (Chroma White, 64 GB)",4.5,"₹14,999"
Nokia 220,4,"₹2,750"
Micromax X756,3.9,"₹1,322"
Itel IT2173,3.6,₹999
Grabo HULK,3.4,₹710
"Vivo Y12 (Aqua Blue, 64 GB)",4.3,"₹10,990"
"Vivo Z1Pro (Sonic Blue, 128 GB)",4.5,"₹17,990"
"Vivo Y19 (Spring White, 128 GB)",4.4,"₹15,990"
Kechaoda K10,4,₹860
Micromax X809,3.9,"₹1,190"
Lava 34 Ultra,3.8,"₹1,458"
Nokia 3310 DS,4.4,"₹3,542"
"Redmi 8 (Ruby Red, 64 GB)",3.9,"₹9,999"
"Itel A25 Pro (Gradation Blue, 32 GB)",3.8,"₹4,999"
Gfive U220 Combo of Two,4.2,"₹1,139"
Samsung Guru FM Plus,4.2,"₹1,587"
Lava Gem Wave / GEM,4.2,"₹1,559"
"Redmi 8A Dual (Sea Blue, 32 GB)",4,"₹8,599"
Kechaoda K123,4.4,"₹1,699"
Micromax X809,3.9,"₹1,188"
"Vivo Z1Pro (Sonic Blue, 128 GB)",4.5,"₹17,990"
Lava 34 Ultra,4.3,"₹1,458"
"Tecno SPARK 6 AIR (OCEAN BLUE, 32 GB)",4.4,"₹7,899"
"Vivo Y19 (Spring White, 128 GB)",3.8,"₹15,990"
Nokia 3310 DS,4.4,"₹3,542"
"Redmi 8 (Ruby Red, 64 GB)",3.8,"₹9,999"
Gfive U220 Combo of Two,4.4,"₹1,139"
"OPPO A5s (Blue, 32 GB)",4.4,"₹10,220"
"OPPO A5s (Black, 32 GB)",4.2,"₹10,090"
Samsung Guru FM Plus,4,"₹1,587"
Kechaoda K123,4,"₹1,699"
Kechaoda K123,4.4,"₹1,699"
"OPPO F15 (Unicorn White, 128 GB)",4.2,"₹18,990"
Lava Gem Wave / GEM,3.9,"₹1,559"
"Itel A25 Pro (Gradation Blue, 32 GB)",4.4,"₹4,999"
"Redmi Note 8 Pro (Shadow Black, 128 GB)",3.7,"₹19,999"
Gfive U229 Combo of Two,4.1,"₹1,199"
Kechaoda K115,4,₹928
"Samsung M01 core (Black, 16 GB)",3,"₹5,261"
Micromax X755,3,"₹1,399"
Micromax X755,4.1,"₹1,357"
Kechaoda K28,4.1,"₹1,070"
Kechaoda K28,4.3,"₹1,097"
"Redmi Y2 (Blue, 32 GB)",4.5,"₹9,498"
"OPPO F17 (Navy Blue, 128 GB)",4.2,"₹16,990"
"Redmi Note 9 Pro Max (Aurora Blue, 128 GB)",4.4,"₹18,799"
"Apple iPhone 11 (Red, 64 GB)",4.7,"₹51,999"
Kechaoda K60,4,"₹1,549"
Kechaoda K60,4,"₹1,549"
"Samsung Galaxy A71 (Prism Crush Blue, 128 GB)",4.4,"₹27,499"
"Apple iPhone XR (Coral, 128 GB) (Includes EarPods, Power Adapter)",4.6,"₹48,999"
Nokia 125,4,"₹1,988"
"Realme 5 Pro (Chroma White, 128 GB)",4.5,"₹16,999"
Itel IT2173,4.3,₹875
Itel IT2173,4.3,₹875
Itel IT2173,4.3,₹875
"Redmi Note 7 Pro (Black, 64 GB)",4.5,"₹10,999"
"Apple iPhone XR (Blue, 128 GB) (Includes EarPods, Power Adapter)",4.6,"₹48,999"
"Realme 6 (Comet White, 128 GB)",4.4,"₹16,999"
Lava A9,4.1,"₹1,589"
Kechaoda K33,4.1,₹985
"Vivo Y15 (Aqua Blue, 64 GB)",4.4,"₹12,990"
"Realme 6 Pro (Lightning Red, 128 GB)",4.4,"₹19,999"
"Coolpad Mega 5S (Gold, 64 GB)",3.8,"₹5,395"
I Kall K-60,3.8,"₹1,799"
Grabo ELUGA,3.7,₹659
Good One Magic,4,"₹1,499"
"Vivo Z1x (Fusion Blue, 64 GB)",4.5,"₹16,990"
"Samsung M01 core (Red, 16 GB)",4,"₹5,258"
"Gionee S11 Lite (Black, 32 GB)",4.1,"₹8,190"
Kechaoda K30,3.9,"₹1,099"
"Samsung Galaxy A51 (Prism Crush Black, 128 GB)",4.3,"₹20,999"
"iQOO 3 (Tornado Black, 256 GB)",4.5,"₹32,990"
MU M5000,4.1,"₹1,199"
Itel Muzik 400,4.1,"₹1,514"
"Lenovo A7 (Blue, 64 GB)",3.9,"₹7,990"
Kechaoda K1,3.9,"₹1,099"
UiSmart Ui-06,3.9,"₹1,390"
GreenBerri F1,4.2,"₹1,399"
Karbonn K-Phone 1,3.9,"₹1,459"
"Redmi 8 (Onyx Black, 64 GB)",4.4,"₹9,999"
Kechaoda K30,3.9,₹999
Kechaoda K30,3.9,₹999
Micromax X382,4,₹839
Karbonn KX26,4,"₹1,149"
"Samsung Galaxy A50s (Prism Crush Black, 128 GB)",4.3,"₹14,999"
Kechaoda K28,4.1,"₹1,070"
Lava A1200,4.2,"₹1,151"
"Samsung Galaxy S21 Ultra (Phantom Silver, 256 GB)",4.6,"₹1,05,999"
Karbonn KX80,3.2,"₹1,349"
"OPPO A11K (Deep Blue, 32 GB)",4.2,"₹8,589"
"Vivo Z1x (Fusion Blue, 128 GB)",4.4,"₹18,990"
"Vivo Z1x (Phantom Purple, 64 GB)",4.5,"₹16,990"
"Redmi 9A (Midnight Black, 32 GB)",4.3,"₹8,290"
"Mi 10i (Pacific Sunrise, 128 GB)",4.3,"₹25,512"
Kechaoda K116 Plus,4,"₹1,099"
Samsung Guru FM Plus,4.2,"₹1,614"
Good One Magic,4,"₹1,399"
Gfive Champ,3.5,₹799
"Vivo U20 (Racing Black, 64 GB)",4.4,"₹12,990"
"Samsung Galaxy A51 (Haze Crush Silver, 128 GB)",4.3,"₹20,999"
"Vivo V17Pro (Midnight Ocean Black, 128 GB)",4.5,"₹22,990"
"Realme 5 Pro (Sparkling Blue, 64 GB)",4.5,"₹14,999"
"Realme 5 Pro (Crystal Green, 128 GB)",4.5,"₹16,999"
Gfive A1 Combo of Two,3.4,"₹1,259"
"iQOO 3 (Tornado Black, 128 GB)",4.5,"₹29,990"
"iQOO 3 (Quantum Silver, 128 GB)",4.5,"₹29,990"
Itel It 2163,4,₹898
Lava A1 Josh,4.2,₹949
Lava A1200,4.2,"₹1,151"
"Motorola E7 Plus (Twilight Orange, 64 GB)",4.2,"₹9,999"
"Redmi Note 8 (Moonlight White, 64 GB)",4.4,"₹13,990"
Lava Hero 600s,3.8,₹777
"Vivo V20 (Sunset Melody, 256 GB)",4.3,"₹27,990"
"Vivo V20 (Midnight Jazz, 256 GB)",4.3,"₹27,990"
"Samsung Galaxy M11 (Metallic Blue, 64 GB)",4.2,"₹13,990"
BlackZone M5,4.1,₹649
"Samsung Galaxy A51 (Haze Crush Silver, 128 GB)",4.3,"₹22,499"
Kechaoda K33,4.1,₹940
Kechaoda K10,4,₹860
Kechaoda K10,4,₹860
"Vivo X50 (Glaze Black, 128 GB)",4.4,"₹34,990"
Kechaoda A27,4.1,₹885
Kechaoda A27,4.1,₹889
"Redmi Note 9 Pro (Glacier White, 128 GB)",4.3,"₹18,299"
Kechaoda K1,3.9,"₹1,099"
"Samsung Galaxy A71 (Prism Crush Black, 128 GB)",4.4,"₹27,499"
Karbonn KX1 Indian,3.5,₹899
"Samsung Galaxy A51 (Prism Crush Blue, 128 GB)",4.3,"₹22,499"
"Vivo S1 (Diamond Black, 128 GB)",4.4,"₹19,990"
"OPPO A9 2020 (Marine Green, 128 GB)",4.3,"₹15,990"
Karbonn K310n,3.8,₹739
Karbonn K310n,3.9,₹899
"Apple iPhone SE (White, 128 GB)",4.5,"₹39,999"
"Redmi Note 9 (Scarlet Red, 64 GB)",4.3,"₹13,296"
Itel it5607,4.1,"₹1,198"
BlackZone B-310 GOLD,3.9,₹719
"Alcatel 5V (Spectrum Blue, 32 GB)",4.4,"₹7,190"
Itel U10,4.2,₹920
"Vivo Y15 (Burgundy Red, 64 GB)",4.4,"₹12,990"
"Realme Narzo 10 (That Green, 128 GB)",4.5,"₹11,999"
"Realme Narzo 10 (That White, 128 GB)",4.5,"₹11,999"
"Vivo X50 Pro (Alpha Grey, 256 GB)",4.6,"₹49,990"
"Redmi Note 9 Pro (Champagne Gold, 128 GB)",4.3,"₹17,395"
"LG W10 Alpha (Black, 32 GB)",3.8,"₹7,590"
"Spinup A6 4G (Ice Blue, 16 GB)",3.3,"₹5,499"
Micromax X748,4.1,"₹1,345"
"TECNO Spark Air 6 (Cloud White, 32 GB)",4,"₹7,998"
"Samsung Galaxy M51 (Celestial Black, 128 GB)",4.4,"₹25,680"
"Redmi K20 (Glacier Blue, 128 GB)",4.5,"₹24,999"
"Realme X3 SuperZoom (Glacier Blue, 128 GB)",4.4,"₹27,999"
nuvo NF18-BW,3.6,₹699
"Vivo V20 (Sunset Melody, 128 GB)",4.3,"₹24,990"
"Vivo V20 (Midnight Jazz, 128 GB)",4.3,"₹24,990"
Lava A1 super,4.1,"₹1,049"
Nokia 3310 DS,3.8,"₹3,519"
Lava A1200,4.2,"₹1,249"
Philips E102A,3.8,"₹1,199"
"Realme X (Onion, 128 GB)",4.5,"₹20,999"
"Realme X (Space Blue, 128 GB)",4.5,"₹17,999"
"OPPO A15 (Dynamic Black, 32 GB)",4.4,"₹10,049"
"OPPO A15 (Mystery Blue, 32 GB)",4.1,"₹9,490"
Kechaoda K2,3.8,₹900
Karbonn k310n,3.8,₹798
Samsung Guru FM Plus,4.2,"₹1,639"
I Kall K22 New,3.5,₹649
Itel IT5618N,4,"₹1,298"
Itel IT5618N,4,"₹1,249"
Kechaoda K66 Plus,4,"₹1,099"
Kechaoda K66 Plus,4,"₹1,099"
"Redmi Note 6 Pro (Red, 64 GB)",4.5,"₹11,999"
"Vivo X50 (Frost Blue, 256 GB)",4.4,"₹37,990"
Easyfone Elite,4.1,"₹3,149"
BlackZone M8,3.8,₹699
BlackZone M8,3.8,₹699
Good One Magic,4,"₹1,499"
Lava A7,4.2,"₹1,442"
"OPPO A5 2020 (Dazzling White, 64 GB)",4.4,"₹13,990"
Karbonn KX23,4,"₹1,149"
Itel IT2173,3.6,₹999
Energizer Hardcase E100,3.9,"₹1,299"
Kechaoda A26,4.1,₹899
Karbonn K310n,3.8,₹729
I Kall K3312 Combo,3.6,"₹1,399"
"Mi 10i (Midnight Black, 128 GB)",4.3,"₹25,800"
GreenBerri F1,4.2,"₹1,399"
GreenBerri F1,4.2,"₹1,399"
"Vivo X50 (Glaze Black, 128 GB)",4.4,"₹34,990"
Kechaoda K28,4.1,"₹1,080"
I Kall K23 New Mobile,3.6,₹599
Karbonn K5 Plus,4,₹869
"Redmi 8A (Sunset Red, 32 GB)",4.4,"₹6,999"
"Mi 10T (Cosmic Black, 128 GB)",4.5,"₹34,999"
Gfive A2 Combo of Two,3.7,"₹1,259"
"Spinup A6 4G (Dazzling Gold, 16 GB)",3.3,"₹5,499"
"Samsung Galaxy A51 (Prism Crush Black, 128 GB)",4.3,"₹22,499"
Kechaoda K60,4,"₹1,540"
Lava A7,4.2,"₹1,699"
Lava A7,4.2,"₹1,409"
Lava A7,4.2,"₹1,399"
Kechaoda K9,4.1,"₹1,080"
"Gionee M7 Power (Black, 64 GB)",4.2,"₹8,995"
"Gionee M7 Power (Blue, 64 GB)",4.2,"₹8,995"
Kechaoda K116 Plus,4,₹896
"OPPO A31 (Fantasy White, 128 GB)",4.3,"₹13,699"
"OPPO A31 (Mystery Black, 64 GB)",4.3,"₹12,900"
Lava A1 Josh,4.2,₹949
MarQ by Flipkart 110 Magic,4,₹969
"Coolpad COOL 3 (CHERRY BLACK, 32 GB)",3.6,"₹6,499"
"Apple iPhone SE (Black, 256 GB) (Includes EarPods, Power Adapter)",4.5,"₹49,999"
Tork T13 Banana,4,₹849
Forme Rocket,3.9,₹790
Tork T13 Banana,4,₹849
"Vivo Z1x (Phantom Purple, 128 GB)",4.4,"₹18,990"
"Samsung Galaxy A21s (Blue, 128 GB)",4.2,"₹17,499"
"Vivo S1 (Skyline Blue, 128 GB)",4.4,"₹19,990"
"Samsung Galaxy M11 (Violet, 32 GB)",4.2,"₹11,785"
Good One Magic,4,"₹1,399"
"Realme X3 SuperZoom (Arctic White, 128 GB)",4.4,"₹27,999"
"Realme X3 SuperZoom (Glacier Blue, 256 GB)",4.3,"₹32,999"
BlackZone S2,4.2,₹878
Kechaoda K20,3.4,₹999
I Kall K14 New Mobile,3.7,₹599
Inovu A1i,3.6,₹729
Forme N1,4,₹539
BlackZone S16,4,₹848
"Nokia C3 (Sand, 16 GB)",4.2,"₹6,999"
"Samsung Galaxy M31s (Mirage Black, 128 GB)",4.1,"₹19,880"
Kechaoda K33,4.4,₹937
"Infinix S5 Pro (Sea Blue, 64 GB)",4.4,"₹12,999"
"Infinix S5 Pro (Violet, 64 GB)",3.2,"₹12,999"
Blackzone N1102,4,₹599
"Itel VISION 1 (GRADATION BLUE, 32 GB)",4.4,"₹6,490"
"OPPO A5s (Blue, 64 GB)",4.5,"₹10,190"
"Vivo S1 (Skyline Blue, 128 GB)",4,"₹16,990"
Easyfone Marvel,4.1,"₹2,699"
"Samsung Galaxy A51 (Prism Crush White, 128 GB)",4.3,"₹22,499"
Kechaoda K9,4.1,"₹1,089"
Kechaoda K9,4.1,"₹1,087"
Kechaoda K9,4,"₹1,110"
BlackZone S2,4.2,₹878
Kechaoda K20,3.4,₹999
I Kall K14 New Mobile,3.7,₹599
Inovu A1i,3.6,₹729
Forme N1,4,₹539
BlackZone S16,4,₹848
"Nokia C3 (Sand, 16 GB)",3.8,"₹6,999"
Karbonn K310n,4.5,₹699
"Realme 5 Pro (Crystal Green, 64 GB)",4.4,"₹13,999"
"Infinix S5 Pro (Violet, 64 GB)",4.4,"₹12,999"
"Infinix S5 Pro (Sea Blue, 64 GB)",3.2,"₹12,999"
Blackzone N1102,4.5,₹599
"Vivo S1 (Diamond Black, 128 GB)",4.4,"₹16,990"
"Vivo S1 (Skyline Blue, 128 GB)",4.5,"₹19,990"
"Vivo S1 (Skyline Blue, 128 GB)",4,"₹16,990"
Lava Gem Wave,4.5,"₹1,599"
"Apple iPhone SE (Black, 256 GB) (Includes EarPods, Power Adapter)",4.1,"₹49,999"
"Nokia 2.4 (Charcoal Grey, 64 GB)",4.6,"₹10,399"
"Apple iPhone 11 Pro (Midnight Green, 64 GB)",4.6,"₹82,999"
"Nokia 2.4 (Charcoal Grey, 64 GB)",4.1,"₹10,399"
"Apple iPhone 11 Pro (Midnight Green, 64 GB)",4.6,"₹82,999"
Karbonn K7 Power,3.8,"₹1,012"
BlackZone RANGER,3.7,₹658
"Itel A48 (Gradation Green, 32 GB)",3.8,"₹5,999"
Grabo 220,3.6,₹710
I Kall K43,3.6,₹619
"Redmi 8A Dual (Midnight Grey, 32 GB)",4.2,"₹8,440"
Micromax X388,3.9,₹949
"Samsung Galaxy S10 Lite (Prism Black, 512 GB)",4.5,"₹45,999"
"Samsung Galaxy A21s (Silver, 128 GB)",4.2,"₹17,499"
Karbonn K24 Plus Pro,3.9,₹887
"Redmi 9 Power (Fiery Red, 128 GB)",4.2,"₹13,479"
"Realme 6 (Comet White, 128 GB)",4.4,"₹15,999"
Itel Heart Rate Edition,4.3,₹999
Karbonn K5 Plus,4,₹869
Kechaoda K66 Plus,4,"₹1,099"
Inovu A1,3.5,₹629
"Redmi 9 (Sporty Orange, 128 GB)",4.2,"₹10,463"
"Redmi Note 6 Pro (Rose Gold, 64 GB)",4.5,"₹11,999"
"Samsung Galaxy M40 (Midnight Blue, 128 GB)",4.2,"₹16,899"
Micromax X750,4.1,"₹1,265"
"Realme 5i (Forest Green, 64 GB)",4.5,"₹10,999"
"Realme 5i (Aqua Blue, 128 GB)",4.5,"₹11,999"
"Realme 5s (Crystal Blue, 128 GB)",4.5,"₹11,999"
"Realme X3 SuperZoom (Arctic White, 256 GB)",4.3,"₹32,999"
Itel Magic2 Max,4.1,"₹1,525"
"OPPO A5 2020 (Mirror Black, 64 GB)",4.4,"₹12,890"
"OPPO A5 2020 (Dazzling White, 64 GB)",4.4,"₹13,900"
Samsung Metro 313,4.1,"₹2,340"
Karbonn K310n,3.9,₹698
Muphone M230,3.3,"₹1,099"
I Kall K42 New,3.6,"₹1,099"
"Samsung Galaxy M31s (Mirage Blue, 128 GB)",4.2,"₹21,975"
Itel Muzik110,4.3,"₹1,119"
Itel Muzik110,4.3,"₹1,020"
"Micromax Infinity N12 (Blue Lagoon, 32 GB)",4.1,"₹6,699"
Micromax X707,3.8,"₹1,095"
Tork T13 Banana,4,₹849
JIVI 12M-XL,3.5,₹949
GreenBerry M3 Mini,4.3,"₹1,499"
Muphone M 230,4,"₹1,199"
Kechaoda A29,4,₹940
Kechaoda A29,4,₹940
"Itel VISION 1 (GRADATION BLUE, 32 GB)",4.1,"₹6,499"
Karbonn KX19,4.1,₹949
Kechaoda K33,4.5,₹988
"Realme X (Space Blue, 128 GB)",3.6,"₹20,999"
Nokia 3310 DS,3.8,"₹3,545"
Kechaoda K109,4.7,₹999
Karbonn K7 Power,3.8,"₹1,042"
Karbonn KX5,4,₹995
Lava 34 Super,4.1,"₹1,399"
Blackbear i7,3.6,"₹1,579"
Peace FM1,3.5,₹575
"Redmi Note 6 Pro (Black, 64 GB)",4.5,"₹13,884"
"Samsung M31 Prime (Space Black, 128 GB)",4.4,"₹17,315"
Kechaoda K66 Plus,4,₹880
Karbonn KX1,3.9,₹825
"Samsung Galaxy A10s (Black, 32 GB)",4.4,"₹9,171"
"Samsung Galaxy M31 (Iceberg blue, 128 GB)",4.3,"₹18,480"
"Redmi Note 8 (Neptune Blue, 32 GB)",4.4,"₹10,978"
"OPPO A5 2020 (Mirror Black, 64 GB)",4.4,"₹12,490"
Micromax X388,3.9,"₹1,060"
ITEL it6330,4,"₹1,598"
"OPPO A9 2020 (Space Purple, 128 GB)",4.3,"₹15,990"
"OPPO A52 (Stream White, 128 GB)",4.4,"₹15,499"
"Apple iPhone 12 Mini (Blue, 64 GB)",4.5,"₹69,900"
Karbonn KX4,3.6,₹860
"Redmi Note 7 Pro (Space Black, 64 GB)",4.4,"₹12,999"
Karbonn K7 Power,3.8,₹899
Micromax X388,3.9,₹949
Itel it5260,4,"₹1,454"
Lava 34 Super,4.1,"₹1,499"
Lava 34 Super,4.1,"₹1,399"
Blackbear i7,3.6,"₹1,579"
Peace FM1,3.5,₹575
"Redmi Note 6 Pro (Black, 64 GB)",4.5,"₹13,884"
"Redmi Note 8 (Neptune Blue, 32 GB)",4.4,"₹10,978"
BlackZone THUNDER,3.9,"₹1,059"
"OPPO A9 2020 (Space Purple, 128 GB)",4.3,"₹15,990"
Kechaoda K2,3.8,₹734
"Apple iPhone 12 Mini (Blue, 64 GB)",4.5,"₹69,900"
Karbonn KX4,3.6,₹860
"Redmi Note 7 Pro (Space Black, 64 GB)",4.4,"₹12,999"
Itel Muzik110,4.3,"₹1,148"
"Nokia 2.4 (Dusk, 64 GB)",4.1,"₹10,399"
"Gionee F11 (Blue, 32 GB)",4.2,"₹6,799"
"Gionee F11 (Black, 32 GB)",4.2,"₹6,799"
"Micromax IN 1b (Green, 64 GB)",3.9,"₹7,999"
"Micromax IN 1b (Blue, 64 GB)",3.7,"₹7,999"
Kechaoda K6,4,₹878
I Kall K50,4.3,₹849
Karbonn KX5,3.6,₹949
"Honor 9X (Midnight Black, 128 GB)",4.5,"₹13,999"
Detel D1 Guru,4,₹599
"Samsung Galaxy S10 Lite (Prism Black, 128 GB)",4.5,"₹36,499"
"Samsung M02s (Blue, 32 GB)",3.5,"₹10,390"
KXD M2+,3.7,₹799
"Coolpad COOL 3 (Ocean Indigo, 32 GB)",4.4,"₹6,499"
"Redmi Note 8 Pro (Halo White, 128 GB)",3.8,"₹17,999"
Itel Magic2,3.9,"₹1,470"
Energizer Power Max P20,4.4,"₹1,499"
"Alcatel 5V (Spectrum Black, 32 GB)",4.1,"₹7,190"
Intex Eco 105vx,3.8,₹999
UiSmart Ui-07 F1 Car Phone,4,₹899
HEEMAX H10Power,4.5,₹848
"Redmi K20 Pro (Carbon Black, 128 GB)",4.1,"₹26,999"
Muphone MU M360,4.5,₹990
"Vivo Z1Pro (Sonic Blue, 64 GB)",4.2,"₹15,990"
"Samsung Galaxy M01s  (Light Blue, 32 GB)",3.2,"₹9,399"
GreenBerry M3 Edition X,4.5,"₹1,999"
"Vivo Z1Pro (Sonic Black, 128 GB)",3.7,"₹17,990"
Gfive W1 New,4.1,"₹1,390"
Kechaoda K33,4.2,₹985
Itel Power 100 New,4.2,"₹1,190"
Itel Power 100 New,4.4,"₹1,199"
Itel Magic 1,4.2,"₹1,459"
Kechaoda K20,5,₹999
"Infinix S5 Pro (Forest Green, 64 GB)",5,"₹12,999"
"Infinix S5 Pro (Forest Green, 64 GB)",4.4,"₹12,999"
"Apple iPhone 12 Pro (Pacific Blue, 128 GB)",4.5,"₹1,19,900"
"Samsung M02s (Blue, 64 GB)",4.1,"₹11,498"
MTR Ferrari,4.1,"₹1,249"
MTR Ferrari,4.1,"₹1,249"
MTR Ferrari,4.1,"₹1,399"
MTR Ferrari,4.4,"₹1,249"
"Vivo S1 (Diamond Black, 64 GB)",4,"₹18,990"
"Samsung M02s (Black, 64 GB)",4.2,"₹11,498"
Kechaoda K123,3.8,"₹1,699"
"Samsung Galaxy A21s (Blue, 64 GB)",3.7,"₹16,499"
Karbonn K7 Power,3.8,₹899
BlackZone RANGER,4.5,₹658
"Itel A48 (Gradation Purple, 32 GB)",3.6,"₹5,999"
"Redmi K20 (Carbon Black, 128 GB)",4.4,"₹24,999"
Gfive Z15,3.9,₹789
"Redmi 8 (Emerald Green, 64 GB)",4.5,"₹9,999"
Kechaoda A 31,3.7,₹906
"Realme Narzo 10 (That Blue, 128 GB)",3.8,"₹11,999"
Tork X9,4.7,"₹1,119"
Karbonn K9 Mini,4,₹699
"Apple iPhone 12 (Red, 128 GB)",4.1,"₹84,900"
Karbonn KX26i,4.5,"₹1,149"
Micromax X748,4,"₹1,324"
